epoch,time,loss,lr
0,0,9e-05,0.01
25,0,2e-05,0.0064
50,0,2e-05,0.00328
75,0,2e-05,0.0021
100,0,2e-05,0.00134
125,0,1e-05,0.00134
150,0,1e-05,0.00134
175,0,1e-05,0.00134
200,0,1e-05,0.00134
225,0,1e-05,0.00134
250,0,1e-05,0.00134
275,0,1e-05,0.00134
300,0,1e-05,0.00134
325,0,1e-05,0.00134
350,0,1e-05,0.00134
375,0,1e-05,0.00134
400,0,1e-05,0.00134
425,0,1e-05,0.00134
450,0,1e-05,0.00134
475,0,1e-05,0.00134
