epoch,time,loss,lr
0,0,0.00298,0.01
25,0,0.00067,0.0064
50,0,0.00057,0.00328
75,0,0.00053,0.0021
100,0,0.00051,0.00134
125,0,0.00052,0.00134
150,0,0.00049,0.00134
175,0,0.00048,0.00134
200,0,0.00047,0.00134
225,0,0.00047,0.00134
250,0,0.00047,0.00134
275,0,0.00045,0.00134
300,0,0.00045,0.00134
325,0,0.00044,0.00134
350,0,0.00045,0.00134
375,0,0.00044,0.00134
400,0,0.00043,0.00134
425,0,0.00043,0.00134
450,0,0.00042,0.00134
475,0,0.00043,0.00134
